acc,seqlen,TMD_start,TMD_end,tm_surr_left,tm_surr_right,database,pdb_id,chain1,chain2,notes,TMD_seq,full_seq,uniprot,TMD_len,acc_db,TMD_start_pl_surr,TMD_end_pl_surr,TMD_seq_pl_surr5,TMD_seq_pl_surr,cdhit_cluster_rep
1orqC4,223,192,219,20,4,crystal,1orq,C,-,"PDB:1orq, chain:C, TMD:4, voltage-dependent potassium channel in complex with an Fab, Jiang et al. (2003)",GKVIGIAVMLTGISALTLLIGTVSNMFQ,IGDVMEHPLVELGVSYAALLSVIVVVVECTMQLSGEYLVRLYLVDLILVIILWADYAYRAYKSGDPAGYVKKTLYEIPALVPAGLLALIEGHLAGLGLFRLVRLLRFLRILLIISRGSKFLSAIADAADKIRFYHLFGAVMLTVLYGAFAIYIVEYPDPNSSIKSVFDALWWAVVTATTVGYGDVVPATPIGKVIGIAVMLTGISALTLLIGTVSNMFQKILV,P01837 ,28,1orqC4-crystal,172,223,PATPIGKVIGIAVMLTGISALTLLIGTVSNMFQKILV,WAVVTATTVGYGDVVPATPIGKVIGIAVMLTGISALTLLIGTVSNMFQKILV,no_cdhit_results
1xioA4,261,103,121,20,20,crystal,1xio,A,-,"PDB:1xio, chain:A, TMD:4, Anabaena sensory rhodopsin, Vogeley et al. (2004)",GFLMSTQIVVITSGLIADL,MNLESLLHWIYVAGMTIGALHFWSLSRNPRGVPQYEYLVAMFIPIWSGLAYMAMAIDQGKVEAAGQIAHYARYIDWMVTTPLLLLSLSWTAMQFIKKDWTLIGFLMSTQIVVITSGLIADLSERDWVRYLWYICGVCAFLIILWGIWNPLRAKTRTQSSELANLYDKLVTYFTVLWIGYPIVWIIGPSGFGWINQTIDTFLFCLLPFFSKVGFSFLDLHGLRNLNDSRQTTGDRFAENTLQFVENITLFANSRRQQSRRRV,Q8YSC4,19,1xioA4-crystal,83,141,DWTLIGFLMSTQIVVITSGLIADLSERDW,LLLSLSWTAMQFIKKDWTLIGFLMSTQIVVITSGLIADLSERDWVRYLWYICGVCAFLI,no_cdhit_results
2axtM1,36,10,27,9,9,crystal,2axt,M,-,"PDB:2axt, chain:M, TMD:1, Photosystem II reaction center protein M from Thermosynechococcus elongatus, Loll et al. (2005)",ATALFVLVPSVFLIILYV,MEVNQLGLIATALFVLVPSVFLIILYVQTESQQKSS,Q8DHA7,18,2axtM1-crystal,1,36,QLGLIATALFVLVPSVFLIILYVQTESQ,MEVNQLGLIATALFVLVPSVFLIILYVQTESQQKSS,no_cdhit_results
2h8aA2,154,75,94,20,20,crystal,2h8a,A,-,"PDB:2h8a, chain:A, TMD:2,  Microsomal Glutathione Transferase 1 in Complex with Glutathione, Holm et al. (2006)",HLNDLENIVPFLGIGLLYSL,ADLKQLMDNEVLMAFTSYATIILAKMMFLSSATAFQRLTNKVFANPEDCAGFGKGENAKKFLRTDEKVERVRRAHLNDLENIVPFLGIGLLYSLSGPDLSTALIHFRIFVGARIYHTIAYLTPLPQPNRGLAFFVGYGVTLSMAYRLLRSRLYL,P08011,20,2h8aA2-crystal,55,114,RVRRAHLNDLENIVPFLGIGLLYSLSGPDL,GENAKKFLRTDEKVERVRRAHLNDLENIVPFLGIGLLYSLSGPDLSTALIHFRIFVGARI,no_cdhit_results
2j58A1,359,335,354,20,5,crystal,2j58,A,B,"PDB:2j58, chain:A, TMD:1, Wza, Dong et al. (2006)",SQLVPTISGVHDMTETVRYI,CTIIPGQGLNSLRKNVVELPDSDYDLDKLVNVYPMTPGLIDQLRPEPVIARSNPQLDNLLKSYEYRIGVGDVLMVTVWDHPELTTPAGQYRSASDTGNWVNSDGTIFYPYIGKVQVAGKTVSQVRQDITSRLTTYIESPQVDVSIAAFRSQKVYVTGEVANSGKQAITNIPLTVMDAINAAGGLAADADWRNVVLTHNGKDTKISLYALMQKGDLTQNHLLYHGDILFIPSNDDLKVFVMGEVGKQSTLKMDRSGMTLAEALGNAEGISQEMSDATGIFVVRQLKGDRTGKIADIYQLNAQDASAMVLGTEFQLQPYDIVYVTTAPLVRWNRVISQLVPTISGVHDMTETVRYIKRWPN,Q9X4B7,20,2j58A1-crystal,315,359,WNRVISQLVPTISGVHDMTETVRYIKRWPN,QPYDIVYVTTAPLVRWNRVISQLVPTISGVHDMTETVRYIKRWPN,no_cdhit_results
3h9vA2,356,307,335,20,20,crystal,3h9v,A,-,"PDB:3h9v, chain:A, TMD:2, ATP-gated P2X4 ion channel in the closed, apo state, Kawate et al. (2009)",KFNIIPTLLNIGAGLALLGLVNVICDWIV,GSSKKVGTLNRFTQALVIAYVIGYVFVYNKGYQDTDTVLSSVTTKVKGIALTKTSELGERIWDVADYIIPPQEDGSFFVLTNMIITTNQTQSKCAENPTPASTCTSHRDCKRGFNDARGDGVRTGRCVSYSASVKTCEVLSWCPLEKIVDPPNPPLLADAERFTVLIKNNIRYPKFNFNKRNILPNINSSYLTHCVFSRKTDPDCPIFRLGDIVGEAEEDFQIMAVRGGVMGVQIRWDCDLDMPQSWCVPRYTFRRLDNKDPDNNVAPGYNFRFAKYYKNSDGTETRTLIKGYGIRFDVMVFGQAGKFNIIPTLLNIGAGLALLGLVNVICDWIVLTFMKRKQHYKEQKYTYVDDF,Q6NYR1,29,3h9vA2-crystal,287,355,FGQAGKFNIIPTLLNIGAGLALLGLVNVICDWIVLTFMK,RTLIKGYGIRFDVMVFGQAGKFNIIPTLLNIGAGLALLGLVNVICDWIVLTFMKRKQHYKEQKYTYVDD,no_cdhit_results
3rifA2,347,242,264,20,20,crystal,3rif,A,B,"PDB:3rif, chain:A, TMD:2, C. elegans glutamate-gated chloride channel (GluCl) in complex with Fab, ivermectin and glutamate, Hibbs et al. (2011)",IPARVTLGVTTLLTMTAQSAGIN,SDSKILAHLFTSGYDFRVRPPTDNGGPVVVSVNMLLRTISKIDVVNMEYSAQLTLRESWIDKRLSYGVKGDGQPDFVILTVGHQIWMPDTFFPNEKQAYKHTIDKPNVLIRIHNDGTVLYSVRISLVLSCPMYLQYYPMDVQQCSIDLASYAYTTKDIEYLWKEHSPLQLKVGLSSSLPSFQLTNTSTTYCTSVTNTGIYSCLRTTIQLKREFSFYLLQLYIPSCMLVIVSWVSFWFDRTAIPARVTLGVTTLLTMTAQSAGINSQLPPVSYIKAIDVWIGACMTFIFCALLEFALVNHIANAGTTEWNDISKRVDLISRALFPVLFFVFNILYWSRFGHEHHHHHH,G5EBR3,23,3rifA2-crystal,222,284,FDRTAIPARVTLGVTTLLTMTAQSAGINSQLPP,IPSCMLVIVSWVSFWFDRTAIPARVTLGVTTLLTMTAQSAGINSQLPPVSYIKAIDVWIGACM,no_cdhit_results
3spcA2,343,121,149,20,20,crystal,3spc,A,-,"PDB:3spc, chain:A, TMD:2, Inward rectifier potassium channel Kir2.2 in complex with dioctanoylglycerol pyrophosphate (DGPP) Hansen et al. (2011)",PLAVFMVVVQSIVGCIIDSFMIGAIMAKM,MARRKCRNRFVKKNGQCNVEFTNMDDKPQRYIADMFTTCVDIRWRYMLLLFSLAFLVSWLLFGLIFWLIALIHGDLENPGGDDTFKPCVLQVNGFVAAFLFSIETQTTIGYGFRCVTEECPLAVFMVVVQSIVGCIIDSFMIGAIMAKMARPKKRAQTLLFSHNAVVAMRDGKLCLMWRVGNLRKSHIVEAHVRAQLIKPRITEEGEYIPLDQIDIDVGFDKGLDRIFLVSPITILHEINEDSPLFGISRQDLETDDFEIVVILEGMVEATAMTTQARSSYLASEILWGHRFEPVLFEEKNQYKVDYSHFHKTYEVPSTPRCSAKDLVENKFLLSNSLEVLFQ,F1NHE9,29,3spcA2-crystal,101,169,VTEECPLAVFMVVVQSIVGCIIDSFMIGAIMAKMARPKK,FSIETQTTIGYGFRCVTEECPLAVFMVVVQSIVGCIIDSFMIGAIMAKMARPKKRAQTLLFSHNAVVAM,no_cdhit_results
3zk1A1,89,11,33,10,20,crystal,3zk1,A,B,"PDB:3zk1, chain:A, TMD:1, sodium binding rotor ring at pH 5.3, Schulz et al. (2013)",LGCSAVGAGLAMIAGLGPGIGEG,MDLLTAKTIVLGCSAVGAGLAMIAGLGPGIGEGYAAGKAVESVARQPEARGSIISTMILGQAVAESTGIYSLVIALILLYANPFLSKLG,Q8RGD7,23,3zk1A1-crystal,1,53,AKTIVLGCSAVGAGLAMIAGLGPGIGEGYAAGK,MDLLTAKTIVLGCSAVGAGLAMIAGLGPGIGEGYAAGKAVESVARQPEARGSI,no_cdhit_results
4hksA1,214,30,46,20,20,crystal,4hks,A,B,"PDB:4hks, chain:A, TMD:1, Calcium release-activated calcium channel protein 1, Long et al. (2012)",SWTSALLSGFAMVAMVE,MSQSGEDLHSPTYLSWRKLQLSRAKLKASSWTSALLSGFAMVAMVEVQLDHDTNVPPGMLIAFAICTTLLVAVHMLALMISTCILPNIETVSNLHSISLVHESPHERLHWYIETAWAFSTLLGLILFLLEIAILCWVKFYDLSRRAAWSATVVLIPVMIIFMAFAIHFYRSLVSHKYEVTVSGIRELEMLKEQMEQDHLEHHNNIRNNGEGEEF,Q9U6B8,17,4hksA1-crystal,10,66,KLKASSWTSALLSGFAMVAMVEVQLDH,SPTYLSWRKLQLSRAKLKASSWTSALLSGFAMVAMVEVQLDHDTNVPPGMLIAFAIC,no_cdhit_results
4i0uA1,351,295,315,20,20,crystal,4i0u,A,B,"PDB:4i0u, chain:A, TMD:1, Cobalt/magnesium transport protein CorA, Nordin et al. (2012)",TIIATIFMPLTFIAGIYGMNF,MEEKRLSAKKGLPPGTLVYTGKYREDFEIEVMNYSIEEFREFKTTDVESVLPFRDSSTPTWINITGIHRTDVVQRVGEFFGIHPLVLEDILNVHQRPKVEFFENYVFIVLKMFTYDKNLHELESEQVSLILTKNCVLMFQEKIGDVFDPVRERIRYNRGIIRKKRADYLLYSLIDALVDDYFVLLEKIDDEIDVLEEEVLERPEKETVQRTHQLKRNLVELRKTIWPLREVLSSLYRDVPPLIEKETVPYFRDVYDHTIQIADTVETFRDIVSGLLDVYLSSVSNKTNEVMKVLTIIATIFMPLTFIAGIYGMNFEYMPELRWKWGYPVVLAVMGVIAVIMVVYFKKKKWL,Q9WZ31,21,4i0uA1-crystal,275,335,VMKVLTIIATIFMPLTFIAGIYGMNFEYMPE,LLDVYLSSVSNKTNEVMKVLTIIATIFMPLTFIAGIYGMNFEYMPELRWKWGYPVVLAVMG,no_cdhit_results
4o9pC1,100,6,22,5,20,crystal,4o9p,C,A,"PDB:4o9p, chain:C, TMD:1, Thermus thermophilis transhydrogeanse domain II dimer SeMet derivative, Leung et al. (2014)",WSALYIFVLTAFLGYEL,MEFGFWSALYIFVLTAFLGYELITRVPVILHTPLMSGSNFIHGVVVVGAMVVLGHAETGLEKLIGFLGVILGAANAAGGYAVTVRMLEMFERKPGQGGGR,Q72GR9,17,4o9pC1-crystal,1,42,MEFGFWSALYIFVLTAFLGYELITRVP,MEFGFWSALYIFVLTAFLGYELITRVPVILHTPLMSGSNFIH,no_cdhit_results
4r0cA7,492,324,351,20,20,crystal,4r0c,A,B,"PDB:4r0c, chain:A, TMD:7, Human TFIIB-related factor 2 (Brf2) and TBP bound to U6#2 promoter, Vannini et al. (2014)",ITAMEVTMASMAGYLVLMFFAAQFVAWF,MTRTHGWLARLEQLGNRLPHPTLLFVWFCLLLLPLTAVLGALDVTATHPLTDETITAHSLLDADGLRYLFTTLVGNFTGFAPLGVVLVAMLGLGVAEQSGLLSVSLASLVRRSSGGALVFTVAFAGVLSSLTVDAGYVVLIPLAGLVFQLAGRPPIAGIATAFAAVSGGFSANLLVGPVDATLAGLSTEAAHIIDPDRTVAATGNYWFIIASTFLVTGLVTLITRTLTEPRLAHANTVADASVDAPQIHSRAMKWTGLTLAILLAGLALLVLPNDAPLRHPDTGSVLGSPFIHGLVVIVALIAGICGAVYGRVSGQFRNSGAVITAMEVTMASMAGYLVLMFFAAQFVAWFNYSQLGLLLAVKGAAWLGALTVPKVVLLLLFVVLTALINLMIGSASAKWSILAPVFIPMLMLLGISPEASQAAYRVGDSSTNIITPLMPYFVLVLGFARRYQPETGIGTLIALMLPYSLTLLLGWSVLLGVWIGFGWPLGP,Q0VR69,28,4r0cA7-crystal,304,371,NSGAVITAMEVTMASMAGYLVLMFFAAQFVAWFNYSQL,GICGAVYGRVSGQFRNSGAVITAMEVTMASMAGYLVLMFFAAQFVAWFNYSQLGLLLAVKGAAWLGAL,no_cdhit_results
4ryiA2,181,71,91,20,20,crystal,4ryi,A,B,"PDB:4ryi, chain:A, TMD:2, Tryptophan-rich protein TspO, Guo et al. (2014)",PGMTIGMIWAVLFGLIALSVA,MDYKDDDDKHHHHHHHHHHENLYFQSYVMFMKKSSIIVFFLTYGLFYVSSVLFPIDRTWYDALEKPSWTPPGMTIGMIWAVLFGLIALSVAIIYNNYGFKPKTFWFLFLLNYIFNQAFSYFQFSQKNLFLATVDCLLVAITTLLLIMFSSNLSKVSAWLLIPYFLWSAFATYLSWTIYSIN,Q81BL7,21,4ryiA2-crystal,51,111,PSWTPPGMTIGMIWAVLFGLIALSVAIIYNN,VLFPIDRTWYDALEKPSWTPPGMTIGMIWAVLFGLIALSVAIIYNNYGFKPKTFWFLFLLN,no_cdhit_results
4wisA10,735,597,621,20,20,crystal,4wis,A,B,"PDB:4wis, chain:A, TMD:10,  lipid scramblase nhTMEM16 in crystal form 1, Dutzler et al. (2014)",LKAWGLLLSILFAEHFYLVVQLAVR,MSNLKDFSQPGSGQESNFGVDFVIHYKVPAAERDEAEAGFVQLIRALTTVGLATEVRHGENESLLVFVKVASPDLFAKQVYRARLGDWLHGVRVSAPHNDIAQALQDEPVVEAERLRLIYLMITKPHNEGGAGVTPTNAKWKHVESIFPLHSHSFNKEWIKKWSSKYTLEQTDIDNIRDKFGESVAFYFAFLRSYFRFLVIPSAFGFGAWLLLGQFSYLYALLCGLWSVVFFEYWKKQEVDLAVQWGVRGVSSIQQSRPEFEWEHEAEDPITGEPVKVYPPMKRVKTQLLQIPFALACVVALGALIVTCNSLEVFINEVYSGPGKQYLGFLPTIFLVIGTPTISGVLMGAAEKLNAMENYATVDAHDAALIQKQFVLNFMTSYMALFFTAFVYIPFGHILHPFLNFWRATAQTLTFSEKELPTREFQINPARISNQMFYFTVTAQIVNFATEVVVPYIKQQAFQKAKQLKSGSKVQEDHEEEAEFLQRVREECTLEEYDVSGDYREMVMQFGYVAMFSVAWPLAACCFLVNNWVELRSDALKIAISSRRPIPWRTDSIGPWLTALSFLSWLGSITSSAIVYLCSNSKNGTQGEASPLKAWGLLLSILFAEHFYLVVQLAVRFVLSKLDSPGLQKERKERFQTKKRLLQENLGQDAAEEAAAPGIEHSEKITREALEEEARQASIRGHGTPEEMFWQRQRGMQETIEIGRRMIEQQLAAGKNGKKSAPAVPSEKAS,C7Z7K1,25,4wisA10-crystal,577,641,GEASPLKAWGLLLSILFAEHFYLVVQLAVRFVLSK,SAIVYLCSNSKNGTQGEASPLKAWGLLLSILFAEHFYLVVQLAVRFVLSKLDSPGLQKERKERFQ,no_cdhit_results
5irzD6,636,528,554,20,20,crystal,5irz,D,-,"PDB:5irz, chain:D, TMD:6, Transient receptor potential cation channel subfamily V member 1, Gao et al. (2016)",KAVFIILLLAYVILTYILLLNMLIALM,AMGSRLYDRRSIFDAVAQSNCQELESLLPFLQRSKKRLTDSEFKDPETGKTCLLKAMLNLHNGQNDTIALLLDVARKTDSLKQFVNASYTDSYYKGQTALHIAIERRNMTLVTLLVENGADVQAAANGDFFKKTKGRPGFYFGELPLSLAACTNQLAIVKFLLQNSWQPADISARDSVGNTVLHALVEVADNTVDNTKFVTSMYNEILILGAKLHPTLKLEEITNRKGLTPLALAASSGKIGVLAYILQREIHEPECRHLSRKFTEWAYGPVHSSLYDLSCIDTCEKNSVLEVIAYSSSETPNRHDMLLVEPLNRLLQDKWDRFVKRIFYFNFFVYCLYMIIFTAAAYYRPVEGLPPYKLKNTVGDYFRVTGEILSVSGGVYFFFRGIQYFLQRRPSLKSLFVDSYSEILFFVQSLFMLVSVVLYFSQRKEYVASMVFSLAMGWTNMLYYTRGFQQMGIYAVMIEKMILRDLCRFMFVYLVFLFGFSTAVVTLIEDGKYNSLYSTCLELFKFTIGMGDLEFTENYDFKAVFIILLLAYVILTYILLLNMLIALMGETVNKIAQESKNIWKLQRAITILDTEKSFLKCMRKAFRSGKLLQVGFTPDGKDDYRWCFRVDEVNWTTWNTNVGIINEDPG,O35433,27,5irzD6-crystal,508,574,ENYDFKAVFIILLLAYVILTYILLLNMLIALMGETVN,ELFKFTIGMGDLEFTENYDFKAVFIILLLAYVILTYILLLNMLIALMGETVNKIAQESKNIWKLQRA,no_cdhit_results
5nkqA1,128,9,27,8,20,crystal,5nkq,A,B,"PDB:5nkq, chain:A, TMD:1, Putative fluoride ion transporter CrcB, Stockbridge et al. (2017)",FIAIGIGATLGAWLRWVLG,MLTYAPLNFIAIGIGATLGAWLRWVLGLKLNGAGWPWGTLTANLVGGYLIGVMVALIASHPEWPAWIRLAAVTGFLGGLTTFSTFSAETVDMLCRGVYATAAAYAGASLAGSLAMTGLGLATVRLLLR,Q7VYU0,19,5nkqA1-crystal,1,47,YAPLNFIAIGIGATLGAWLRWVLGLKLNG,MLTYAPLNFIAIGIGATLGAWLRWVLGLKLNGAGWPWGTLTANLVGG,no_cdhit_results
M5nkqA3,128,70,90,20,20,crystal,M5nkq,A,C,"PDB:5nkq, chain:A, TMD:3, Putative fluoride ion transporter CrcB, Stockbridge et al. (2017)",AAVTGFLGGLTTFSTFSAETV,MLTYAPLNFIAIGIGATLGAWLRWVLGLKLNGAGWPWGTLTANLVGGYLIGVMVALIASHPEWPAWIRLAAVTGFLGGLTTFSTFSAETVDMLCRGVYATAAAYAGASLAGSLAMTGLGLATVRLLLR,Q7VYU1,21,5nkqA3-crystal,50,110,AWIRLAAVTGFLGGLTTFSTFSAETVDMLCR,IGVMVALIASHPEWPAWIRLAAVTGFLGGLTTFSTFSAETVDMLCRGVYATAAAYAGASLA,no_cdhit_results
5t4dA6,510,462,489,20,20,crystal,5t4d,A,B,"PDB:5t4d, chain:A, TMD:6, Cryo-EM structure of Polycystic Kidney Disease protein 2 (PKD2), Shen et al. (2016)",RVLGPIYFTTFVFFMFFILLNMFLAIIN,GAMGSRGLWGTRLMEESSTNREKYLKSVLRELVTYLLFLIVLCILTYGMMSSNVYYYTRMMSQLFLDTPVSKTEKTNFKTLSSMEDFWKFTEGSLLDGLYWKMQPSNQTEADNRSFIFYENLLLGVPRIRQLRVRNGSCSIPQDLRDEIKECYDVYSVSSEDRAPFGPRNGTAWIYTSEKDLNGSSHWGIIATYSGAGYYLDLSRTREETAAQVASLKKNVWLDRGTRATFIDFSVYNANINLFCVVRLLVEFPATGGVIPSWQFQPLKLIRYVTTFDFFLAACEIIFCFFIFYYVVEEILEIRIHKLHYFRSFWNCLDVVIVVLSVVAIGINIYRTSNVEVLLQFLEDQNTFPNFEHLAYWQIQFNNIAAVTVFFVWIKLFKFINFNRTMSQLSTTMSRCAKDLFGFAIMFFIIFLAYAQLAYLVFGTQVDDFSTFQECIFTQFRIILGDINFAEIEEANRVLGPIYFTTFVFFMFFILLNMFLAIINDTYSEVKSDLAQQKAEMELSD,Q13563,28,5t4dA6-crystal,442,509,IEEANRVLGPIYFTTFVFFMFFILLNMFLAIINDTYSE,FTQFRIILGDINFAEIEEANRVLGPIYFTTFVFFMFFILLNMFLAIINDTYSEVKSDLAQQKAEMELS,no_cdhit_results
5u6oA6,660,374,397,20,20,crystal,5u6o,A,B,"PDB:5u6o, chain:A, TMD:6, human HCN1 hyperpolarization-activated cyclic nucleotide-gated ion channel, Lee et al. (2016)",ITMLSMIVGATCYAMFVGHATALI,MEGGGKPNSSSNSRDDGNSVFPAKASATGAGPAAAEKRLGTPPGGGGAGAKEHGNSVCFKVDGGGGGGGGGGGGEEPAGGFEDAEGPRRQYGFMQRQFTSMLQPGVNKFSLRMFGSQKAVEKEQERVKTAGFWIIHPYSDFRFYWDLIMLIMMVGNLVIIPVGITFFTEQTTTPWIIFNVASDTVFLLDLIMNFRTGTVNEDSSEIILDPKVIKMNYLKSWFVVDFISSIPVDYIFLIVEKGMDSEVYKTARALRIVRFTKILSLLRLLRLSRLIRYIHQWEEIFHMTYDLASAVVRIFNLIGMMLLLCHWDGCLQFLVPLLQDFPPDCWVSLNEMVNDSWGKQYSYALFKAMSHMLCIGYGAQAPVSMSDLWITMLSMIVGATCYAMFVGHATALIQSLDSSRRQYQEKYKQVEQYMSFHKLPADMRQKIHDYYEHRYQGKIFDEENILNELNDPLREEIVNFNCRKLVATMPLFANADPNFVTAMLSKLRFEVFQPGDYIIREGAVGKKMYFIQHGVAGVITKSSKEMKLTDGSYFGEICLLTKGRRTASVRADTYCRLYSLSVDNFNEVLEEYPMMRRAFETVAIDRLDRIGKKNSILLQKFQKDLNTGVFNNQENEILKQIVKHDREMVQAALPRESSSVLNTDPDAEKPRFASNL,O60741,24,5u6oA6-crystal,354,417,MSDLWITMLSMIVGATCYAMFVGHATALIQSLDS,SHMLCIGYGAQAPVSMSDLWITMLSMIVGATCYAMFVGHATALIQSLDSSRRQYQEKYKQVEQY,no_cdhit_results
5uldA9,445,294,315,20,20,crystal,5uld,A,B,"PDB:5uld, chain:A, TMD:9, divalent anion/Na+ symporter from Vibrio cholerae and a humanized variant, Lu et al. (2017)",WKEIQKTADWGILLLFGGGLCL,LHRNSLIVLADVALFLALYHFLPFEHNVVLGISMLAFIAVLWLTEALHVTVTAILVPVMAVFFGIFETQAALNNFANSIIFLFLGGFALAAAMHHQGLDKVIADKVLAMAQGKMSVAVFMLFGVTALLSMWISNTATAAMMLPLVLGVLSKVDADKQRSTYVFVLLGVAYSASIGGIATLVGTGPNAIAAAEVGLSFTDWMKFGLPTAMMMLPMAIAILYFLLKPTLNGMFELDRAPVNWDKGKVVTLGIFGLTVFLWIFSSPINAALGGFKSFDTLVALGAILMLSFARVVHWKEIQKTADWGILLLFGGGLCLSNVLKQTGTSVFLANALSDMVSHMGIFVVILVVATFVVFLTEFTSNVATTTLLIPVFATVAEAFGMSPVLLSVLIAVAASCAFMLPVATPPNAIVFASGHIKQSEMMRVGLYLNIACIGLLTAIAMLFWQ,Q9KNE0,22,5uldA9-crystal,274,335,ARVVHWKEIQKTADWGILLLFGGGLCLSNVLK,FDTLVALGAILMLSFARVVHWKEIQKTADWGILLLFGGGLCLSNVLKQTGTSVFLANALSDM,no_cdhit_results
