acc,seqlen,TMD_start,TMD_end,tm_surr_left,tm_surr_right,database,notes,organism,TMD_seq,full_seq,NCBI,full_seq_NCBI,uniprot,RCSB_site,uniprot_site,test_data,TMD_len,acc_db,TMD_start_pl_surr,TMD_end_pl_surr,TMD_seq_pl_surr5,TMD_seq_pl_surr,cdhit_cluster_rep
1orqC4,223,192,219,20,4.0,crystal,"PDB:1orq, chain:C, TMD:4, voltage-dependent potassium channel in complex with an Fab, Jiang et al. (2003)",Mus musculus,GKVIGIAVMLTGISALTLLIGTVSNMFQ,IGDVMEHPLVELGVSYAALLSVIVVVVECTMQLSGEYLVRLYLVDLILVIILWADYAYRAYKSGDPAGYVKKTLYEIPALVPAGLLALIEGHLAGLGLFRLVRLLRFLRILLIISRGSKFLSAIADAADKIRFYHLFGAVMLTVLYGAFAIYIVEYPDPNSSIKSVFDALWWAVVTATTVGYGDVVPATPIGKVIGIAVMLTGISALTLLIGTVSNMFQKILV,gi|30749950|pdb|1ORQ|C,IGDVMEHPLVELGVSYAALLSVIVVVVECTMQLSGEYLVRLYLVDLILVIILWADYAYRAYKSGDPAGYVKKTLYEIPALVPAGLLALIEGHLAGLGLFRLVRLLRFLRILLIISRGSKFLSAIADAADKIRFYHLFGAVMLTVLYGAFAIYIVEYPDPNSSIKSVFDALWWAVVTATTVGYGDVVPATPIGKVIGIAVMLTGISALTLLIGTVSNMFQKILV,P01837 ,https://www.rcsb.org/structure/1orq,https://www.uniprot.org/uniprot/P01837 ,,28,1orqC4-crystal,172.0,223.0,PATPIGKVIGIAVMLTGISALTLLIGTVSNMFQKILV,WAVVTATTVGYGDVVPATPIGKVIGIAVMLTGISALTLLIGTVSNMFQKILV,no_cdhit_results
1xioA4,261,103,121,20,20.0,crystal,"PDB:1xio, chain:A, TMD:4, Anabaena sensory rhodopsin, Vogeley et al. (2004)",Nostoc sp.,GFLMSTQIVVITSGLIADL,MNLESLLHWIYVAGMTIGALHFWSLSRNPRGVPQYEYLVAMFIPIWSGLAYMAMAIDQGKVEAAGQIAHYARYIDWMVTTPLLLLSLSWTAMQFIKKDWTLIGFLMSTQIVVITSGLIADLSERDWVRYLWYICGVCAFLIILWGIWNPLRAKTRTQSSELANLYDKLVTYFTVLWIGYPIVWIIGPSGFGWINQTIDTFLFCLLPFFSKVGFSFLDLHGLRNLNDSRQTTGDRFAENTLQFVENITLFANSRRQQSRRRV,gi|499306541|ref|WP_010997316.1|,MNLESLLHWIYVAGMTIGALHFWSLSRNPRGVPQYEYLVAMFIPIWSGLAYMAMAIDQGKVEAAGQIAHYARYIDWMVTTPLLLLSLSWTAMQFIKKDWTLIGFLMSTQIVVITSGLIADLSERDWVRYLWYICGVCAFLIILWGIWNPLRAKTRTQSSELANLYDKLVTYFTVLWIGYPIVWIIGPSGFGWINQTIDTFLFCLLPFFSKVGFSFLDLHGLRNLNDSRQTTGDRFAENTLQFVENITLFANSRRQQSRRRV,Q8YSC4,https://www.rcsb.org/structure/1XIO,https://www.uniprot.org/uniprot/Q8YSC4,,19,1xioA4-crystal,83.0,141.0,DWTLIGFLMSTQIVVITSGLIADLSERDW,LLLSLSWTAMQFIKKDWTLIGFLMSTQIVVITSGLIADLSERDWVRYLWYICGVCAFLI,no_cdhit_results
2axtM1,36,10,27,9,9.0,crystal,"PDB:2axt, chain:M, TMD:1, Photosystem II reaction center protein M from Thermosynechococcus elongatus, Loll et al. (2005)",Thermosynechococcus elongatus,ATALFVLVPSVFLIILYV,MEVNQLGLIATALFVLVPSVFLIILYVQTESQQKSS,gi|499370309|ref|WP_011057887.1|,MEVNQLGLIATALFVLVPSVFLIILYVQTESQQKSS,Q8DHA7,https://www.rcsb.org/structure/2AXT,https://www.uniprot.org/uniprot/Q8DHA7,,18,2axtM1-crystal,1.0,36.0,QLGLIATALFVLVPSVFLIILYVQTESQ,MEVNQLGLIATALFVLVPSVFLIILYVQTESQQKSS,no_cdhit_results
2h8aA2,154,75,94,20,20.0,crystal,"PDB:2h8a, chain:A, TMD:2,  Microsomal Glutathione Transferase 1 in Complex with Glutathione, Holm et al. (2006)",Rattus norvegicus,HLNDLENIVPFLGIGLLYSL,ADLKQLMDNEVLMAFTSYATIILAKMMFLSSATAFQRLTNKVFANPEDCAGFGKGENAKKFLRTDEKVERVRRAHLNDLENIVPFLGIGLLYSLSGPDLSTALIHFRIFVGARIYHTIAYLTPLPQPNRGLAFFVGYGVTLSMAYRLLRSRLYL,gi|589927462|ref|XP_006976559.1|,ADLKQLMDNEVLMAFASYATIILTKMMLMSSATAFQRLTNKVFANPEDCASFGKGENAKKFLRTDDKVERVRRAHLNDLENIVPFLGIGLLYSLSGPDLSTALMHFRIFVGARIYHTIAYLTPLPQPNRGLAFFVGYGVTFSMAYRLLKSRLYL,P08011,https://www.rcsb.org/3d-view/2H8A/1?preset=symmetry&sele=0,https://www.uniprot.org/uniprot/P08011,,20,2h8aA2-crystal,55.0,114.0,RVRRAHLNDLENIVPFLGIGLLYSLSGPDL,GENAKKFLRTDEKVERVRRAHLNDLENIVPFLGIGLLYSLSGPDLSTALIHFRIFVGARI,no_cdhit_results
2j58A1,359,335,354,20,5.0,crystal,"PDB:2j58, chain:A, TMD:1, Wza, Dong et al. (2006)",Escherichia coli,SQLVPTISGVHDMTETVRYI,CTIIPGQGLNSLRKNVVELPDSDYDLDKLVNVYPMTPGLIDQLRPEPVIARSNPQLDNLLKSYEYRIGVGDVLMVTVWDHPELTTPAGQYRSASDTGNWVNSDGTIFYPYIGKVQVAGKTVSQVRQDITSRLTTYIESPQVDVSIAAFRSQKVYVTGEVANSGKQAITNIPLTVMDAINAAGGLAADADWRNVVLTHNGKDTKISLYALMQKGDLTQNHLLYHGDILFIPSNDDLKVFVMGEVGKQSTLKMDRSGMTLAEALGNAEGISQEMSDATGIFVVRQLKGDRTGKIADIYQLNAQDASAMVLGTEFQLQPYDIVYVTTAPLVRWNRVISQLVPTISGVHDMTETVRYIKRWPN,gi|1267567273|ref|WP_098362813.1|,CTILPGQGLNSLRKNVVELPDSDYDLDKLVNVYPMTPGLIDQLRPEPVIARSNPQLDSLLKSYEYRIGVGDVLMVTVWDHPELTTPAGQYRSASDTGNWVNSDGTIFYPYIGKVQVAGKTLSQVRQDIANRLTTYIESPQVDVSIAAFRSQKVYVTGEVTNSGKQAITNIPLTVMDAINAAGGLAADADWRNVVLTHNGKDTKISLYALMQKGDLTQNHLLFPGDILFIPRNDDLKVFVMGEVGKQSTLKMDRSGMTLAEALGNAEGISQEMSDATGIFVVRQLKGDNKGKIADIYQLNAQDASAMVLGTEFQLQPYDIVYVTTAPLVRWNRVISQLVPTISGVHDMTETVRYIKRWPN,Q9X4B7,https://www.rcsb.org/3d-view/2J58/1?preset=symmetry&sele=0,https://www.uniprot.org/uniprot/Q9X4B7,1.0,20,2j58A1-crystal,315.0,359.0,WNRVISQLVPTISGVHDMTETVRYIKRWPN,QPYDIVYVTTAPLVRWNRVISQLVPTISGVHDMTETVRYIKRWPN,no_cdhit_results
3h9vA2,356,307,335,20,20.0,crystal,"PDB:3h9v, chain:A, TMD:2, ATP-gated P2X4 ion channel in the closed, apo state, Kawate et al. (2009)",Danio rerio,KFNIIPTLLNIGAGLALLGLVNVICDWIV,GSSKKVGTLNRFTQALVIAYVIGYVFVYNKGYQDTDTVLSSVTTKVKGIALTKTSELGERIWDVADYIIPPQEDGSFFVLTNMIITTNQTQSKCAENPTPASTCTSHRDCKRGFNDARGDGVRTGRCVSYSASVKTCEVLSWCPLEKIVDPPNPPLLADAERFTVLIKNNIRYPKFNFNKRNILPNINSSYLTHCVFSRKTDPDCPIFRLGDIVGEAEEDFQIMAVRGGVMGVQIRWDCDLDMPQSWCVPRYTFRRLDNKDPDNNVAPGYNFRFAKYYKNSDGTETRTLIKGYGIRFDVMVFGQAGKFNIIPTLLNIGAGLALLGLVNVICDWIVLTFMKRKQHYKEQKYTYVDDF,gi|1101572630|ref|XP_018951978.1|,SKKVGTLNRFTQALVIAYVIGYVCVLKKGYQDTDTVLSSVTTKVKGIALTNTTELGERVWDVADYIIPPQEDGSFFVLTNMIITPNQTQSKCAENPTQASICTSHRDCKRGFNDARGDGVRTGRCVNYNDTIKTCEVLSWCPLEKIVEPPNPPLLADAENFTVLIKNNIRYPKFNFNKRNILPNINNSYLTQCVFSRKTDPDCPIFRLKDIVEEAEEDFQTMAVHGGVMGVQIRWDCDLDMPQSWCVPRYTFRRLDNKDPENNVAPGYNFRFAKYYKDSDGTETRTLIKGYGIRFDVLVFGQAGKFNIIPTLLNIGAGLALLGLVNVICDWIVLTLMKRKHHYKEQKYTYVDDF,Q6NYR1,https://www.rcsb.org/3d-view/3h9v/1?preset=symmetry&sele=0,https://www.uniprot.org/uniprot/Q6NYR1,,29,3h9vA2-crystal,287.0,355.0,FGQAGKFNIIPTLLNIGAGLALLGLVNVICDWIVLTFMK,RTLIKGYGIRFDVMVFGQAGKFNIIPTLLNIGAGLALLGLVNVICDWIVLTFMKRKQHYKEQKYTYVDD,no_cdhit_results
3rifA2,347,242,264,20,20.0,crystal,"PDB:3rif, chain:A, TMD:2, C. elegans glutamate-gated chloride channel (GluCl) in complex with Fab, ivermectin and glutamate, Hibbs et al. (2011)",elegans,IPARVTLGVTTLLTMTAQSAGIN,SDSKILAHLFTSGYDFRVRPPTDNGGPVVVSVNMLLRTISKIDVVNMEYSAQLTLRESWIDKRLSYGVKGDGQPDFVILTVGHQIWMPDTFFPNEKQAYKHTIDKPNVLIRIHNDGTVLYSVRISLVLSCPMYLQYYPMDVQQCSIDLASYAYTTKDIEYLWKEHSPLQLKVGLSSSLPSFQLTNTSTTYCTSVTNTGIYSCLRTTIQLKREFSFYLLQLYIPSCMLVIVSWVSFWFDRTAIPARVTLGVTTLLTMTAQSAGINSQLPPVSYIKAIDVWIGACMTFIFCALLEFALVNHIANAGTTEWNDISKRVDLISRALFPVLFFVFNILYWSRFGHEHHHHHH,gi|17559548|ref|NP_507090.1|,SDSKILAHLFTSGYDFRVRPPTDNGGPVVVSVNMLLRTISKIDVVNMEYSAQLTLRESWIDKRLSYGVKGDGQPDFVILTVGHQIWMPDTFFPNEKQAYKHTIDKPNVLIRIHNDGTVLYSVRISLVLSCPMYLQYYPMDVQQCSIDLASYAYTTKDIEYLWKEHSPLQLKVGLSSSLPSFQLTNTSTTYCTSVTNTGIYSCLRTTIQLKREFSFYLLQLYIPSCMLVIVSWVSFWFDRTAIPARVTLGVTTLLTMTAQSAGINSQLPPVSYIKAIDVWIGACMTFIFCALLEFALVNHIANKQGVERKARTEREKAEIPLLQNLHNDVPTKVFNQEEKVRTVPLNRRQMNSFLNLLETKTEWNDISKRVDLISRALFPVLFFVFNILYWSRFGQQN,G5EBR3,https://www.rcsb.org/3d-view/3rif/1?preset=symmetry&sele=0,https://www.uniprot.org/uniprot/G5EBR3,,23,3rifA2-crystal,222.0,284.0,FDRTAIPARVTLGVTTLLTMTAQSAGINSQLPP,IPSCMLVIVSWVSFWFDRTAIPARVTLGVTTLLTMTAQSAGINSQLPPVSYIKAIDVWIGACM,no_cdhit_results
3spcA2,343,121,149,20,20.0,crystal,"PDB:3spc, chain:A, TMD:2, Inward rectifier potassium channel Kir2.2 in complex with dioctanoylglycerol pyrophosphate (DGPP) Hansen et al. (2011)",Gallus gallus,PLAVFMVVVQSIVGCIIDSFMIGAIMAKM,MARRKCRNRFVKKNGQCNVEFTNMDDKPQRYIADMFTTCVDIRWRYMLLLFSLAFLVSWLLFGLIFWLIALIHGDLENPGGDDTFKPCVLQVNGFVAAFLFSIETQTTIGYGFRCVTEECPLAVFMVVVQSIVGCIIDSFMIGAIMAKMARPKKRAQTLLFSHNAVVAMRDGKLCLMWRVGNLRKSHIVEAHVRAQLIKPRITEEGEYIPLDQIDIDVGFDKGLDRIFLVSPITILHEINEDSPLFGISRQDLETDDFEIVVILEGMVEATAMTTQARSSYLASEILWGHRFEPVLFEEKNQYKVDYSHFHKTYEVPSTPRCSAKDLVENKFLLSNSLEVLFQ,gi|543358230|ref|XP_005523094.1|,TRRKCRNRFVKKNGQCNVEFTNMDDKPQRYIADMFTTCVDIRWRYMLLLFSLAFLVSWLLFGLIFWLIALIHGDLENPGGDDTFKPCVLQVNGFVAAFLFSIETQTTIGYGFRCVTEECPLAVFMVVVQSIVGCIIDSFMIGAIMAKMARPKKRAQTLLFSHNAVVAMRDGKLCLMWRVGNLRKSHIVEAHVRAQLIKPRITEEGEYIPLDQIDIDVGFDKGLDRIFLVSPITILHEINEDSPLFGISRQDLETDDFEIVVILEGMVEATAMTTQARSSYLASEILWGHRFEPVLFEEKNQYKVDYSHFHKTYEVPSTPRCSAKDLVENKFLLPST,F1NHE9,https://www.rcsb.org/3d-view/3SPC/1?preset=symmetry&sele=0,https://www.uniprot.org/uniprot/F1NHE9,,29,3spcA2-crystal,101.0,169.0,VTEECPLAVFMVVVQSIVGCIIDSFMIGAIMAKMARPKK,FSIETQTTIGYGFRCVTEECPLAVFMVVVQSIVGCIIDSFMIGAIMAKMARPKKRAQTLLFSHNAVVAM,no_cdhit_results
3zk1A1,89,11,33,10,20.0,crystal,"PDB:3zk1, chain:A, TMD:1, sodium binding rotor ring at pH 5.3, Schulz et al. (2013)",Fusobacterium nucleatum subsp. nucleatum,LGCSAVGAGLAMIAGLGPGIGEG,MDLLTAKTIVLGCSAVGAGLAMIAGLGPGIGEGYAAGKAVESVARQPEARGSIISTMILGQAVAESTGIYSLVIALILLYANPFLSKLG,gi|983524216|ref|WP_060675969.1|,MDILTAKAIVLGCSAVGAGLAMIAGLGPGIGEGYAAGKAVEAVARQPEARGTILSTMIIGQAVAESTGIYSLVVAIILLYINPFINQLG,Q8RGD7,https://www.rcsb.org/3d-view/3ZK1/1?preset=symmetry&sele=0,https://www.uniprot.org/uniprot/Q8RGD7,1.0,23,3zk1A1-crystal,1.0,53.0,AKTIVLGCSAVGAGLAMIAGLGPGIGEGYAAGK,MDLLTAKTIVLGCSAVGAGLAMIAGLGPGIGEGYAAGKAVESVARQPEARGSI,no_cdhit_results
4hksA1,214,30,46,20,20.0,crystal,"PDB:4hks, chain:A, TMD:1, Calcium release-activated calcium channel protein 1, Long et al. (2012)",Drosophila melanogaster,SWTSALLSGFAMVAMVE,MSQSGEDLHSPTYLSWRKLQLSRAKLKASSWTSALLSGFAMVAMVEVQLDHDTNVPPGMLIAFAICTTLLVAVHMLALMISTCILPNIETVSNLHSISLVHESPHERLHWYIETAWAFSTLLGLILFLLEIAILCWVKFYDLSRRAAWSATVVLIPVMIIFMAFAIHFYRSLVSHKYEVTVSGIRELEMLKEQMEQDHLEHHNNIRNNGEGEEF,gi|428698272|pdb|4HKS|A,MSQSGEDLHSPTYLSWRKLQLSRAKLKASSWTSALLSGFAMVAMVEVQLDHDTNVPPGMLIAFAICTTLLVAVHMLALMISTCILPNIETVSNLHSISLVHESPHERLHWYIETAWAFSTLLGLILFLLEIAILCWVKFYDLSRRAAWSATVVLIPVMIIFMAFAIHFYRSLVSHKYEVTVSGIRELEMLKEQMEQDHLEHHNNIRNNGEGEEF,Q9U6B8,https://www.rcsb.org/3d-view/4HKS,https://www.uniprot.org/uniprot/Q9U6B8,,17,4hksA1-crystal,10.0,66.0,KLKASSWTSALLSGFAMVAMVEVQLDH,SPTYLSWRKLQLSRAKLKASSWTSALLSGFAMVAMVEVQLDHDTNVPPGMLIAFAIC,no_cdhit_results
4i0uA1,351,295,315,20,20.0,crystal,"PDB:4i0u, chain:A, TMD:1, Cobalt/magnesium transport protein CorA, Nordin et al. (2012)",Thermotoga maritima,TIIATIFMPLTFIAGIYGMNF,MEEKRLSAKKGLPPGTLVYTGKYREDFEIEVMNYSIEEFREFKTTDVESVLPFRDSSTPTWINITGIHRTDVVQRVGEFFGIHPLVLEDILNVHQRPKVEFFENYVFIVLKMFTYDKNLHELESEQVSLILTKNCVLMFQEKIGDVFDPVRERIRYNRGIIRKKRADYLLYSLIDALVDDYFVLLEKIDDEIDVLEEEVLERPEKETVQRTHQLKRNLVELRKTIWPLREVLSSLYRDVPPLIEKETVPYFRDVYDHTIQIADTVETFRDIVSGLLDVYLSSVSNKTNEVMKVLTIIATIFMPLTFIAGIYGMNFEYMPELRWKWGYPVVLAVMGVIAVIMVVYFKKKKWL,gi|740212747|ref|WP_038054608.1|,MEEKRLSAKKGLPPGTLVYTGKYREDFEIEVMNYSVEEFREFKTTDVESVLSFRDSSTPTWINITGIHRTDVVQRVGEFFGIHPLVLEDILNVHQRPKVEFFENYVFIVLKMFTYDENLHELESEQVSLILTKNCVLMFQEKRGDVFDPVRERIRYNRGIIRKKGADYLLYSLIDALVDDYFVLLEKIDDEIDILEEEVLERPEKETVQRIHQLKRNLVELRKTIWPLREVLSSLYRDVPPLIEKETVPYFRDVYDHTIQIADTVETFRDIVSGLLDVYLSSVSNKTNEVMKVLTIIATIFMPLTFIAGIYGMNFEYMPELKWRWSYPVILVVMGVIAVIMVIYFRKKKWL,Q9WZ31,https://www.rcsb.org/3d-view/4i0u,https://www.uniprot.org/uniprot/Q9WZ31,,21,4i0uA1-crystal,275.0,335.0,VMKVLTIIATIFMPLTFIAGIYGMNFEYMPE,LLDVYLSSVSNKTNEVMKVLTIIATIFMPLTFIAGIYGMNFEYMPELRWKWGYPVVLAVMG,no_cdhit_results
4o9pC1,100,6,22,5,20.0,crystal,"PDB:4o9p, chain:C, TMD:1, Thermus thermophilis transhydrogeanse domain II dimer SeMet derivative, Leung et al. (2014)",Thermus thermophilis,WSALYIFVLTAFLGYEL,MEFGFWSALYIFVLTAFLGYELITRVPVILHTPLMSGSNFIHGVVVVGAMVVLGHAETGLEKLIGFLGVILGAANAAGGYAVTVRMLEMFERKPGQGGGR,gi|740198633|ref|WP_038040591.1|,MEFGFWSALYIFVLTAFLGYELITRVPVILHTPLMSGSNFIHGVVVVGAMVVLGHAETSLEKLIGFLGVILGAANAAGGYAVTVRMLEMFEKKPGKGGGQ,Q72GR9,https://www.rcsb.org/3d-view/4o9p,https://www.uniprot.org/uniprot/Q72GR9,,17,4o9pC1-crystal,1.0,42.0,MEFGFWSALYIFVLTAFLGYELITRVP,MEFGFWSALYIFVLTAFLGYELITRVPVILHTPLMSGSNFIH,no_cdhit_results
4r0cA7,492,324,351,20,20.0,crystal,"PDB:4r0c, chain:A, TMD:7, Human TFIIB-related factor 2 (Brf2) and TBP bound to U6#2 promoter, Vannini et al. (2014)",Alcanivorax borkumensis,ITAMEVTMASMAGYLVLMFFAAQFVAWF,MTRTHGWLARLEQLGNRLPHPTLLFVWFCLLLLPLTAVLGALDVTATHPLTDETITAHSLLDADGLRYLFTTLVGNFTGFAPLGVVLVAMLGLGVAEQSGLLSVSLASLVRRSSGGALVFTVAFAGVLSSLTVDAGYVVLIPLAGLVFQLAGRPPIAGIATAFAAVSGGFSANLLVGPVDATLAGLSTEAAHIIDPDRTVAATGNYWFIIASTFLVTGLVTLITRTLTEPRLAHANTVADASVDAPQIHSRAMKWTGLTLAILLAGLALLVLPNDAPLRHPDTGSVLGSPFIHGLVVIVALIAGICGAVYGRVSGQFRNSGAVITAMEVTMASMAGYLVLMFFAAQFVAWFNYSQLGLLLAVKGAAWLGALTVPKVVLLLLFVVLTALINLMIGSASAKWSILAPVFIPMLMLLGISPEASQAAYRVGDSSTNIITPLMPYFVLVLGFARRYQPETGIGTLIALMLPYSLTLLLGWSVLLGVWIGFGWPLGP,gi|1012571973|ref|WP_062810800.1|,MTRTHGWLARLEQLGNRLPHPTLLFVWFCLLLLPLTAVLGALDVTATHPLTDETITAHSLLDADGLRYLFTTLVGNFTGFAPLGVVLVAMLGLGVAEQSGLLSVSLASLVRRASGGALVFTVAFAGVLSSLTVDAGYVVLIPLAGLVFQLAGRSPIAGIATAFAAVSGGFSANLLVGPVDATLAGLSTEAAHIIDPDRTVAATGNYWFIIASTFLVTGLVTLITRTLTEPRLAHANTVADASVDAPQIHSRAMKWTGLTLAILLAGLALLVLPNDAPLRHPDTGSVLGSPFIHGLVVIVALIAGICGAVYGRVSGQFRNSGAVITAMEVTMASMAGYLVLMFFAAQFVAWFNYSQLGLLLAVKGAAWLGALTVPKVVLLLLFVVLTALINLMVGSASAKWSILAPVFIPMLMLLGISPEASQAAYRVGDSSTNIITPLMPYFVLVLGFARRYQPETGIGTLIALMLPYSLTLLLGWSVLLGVWIGFGWPLGP,Q0VR69,https://www.rcsb.org/3d-view/4r0c,https://www.uniprot.org/uniprot/Q0VR69,,28,4r0cA7-crystal,304.0,371.0,NSGAVITAMEVTMASMAGYLVLMFFAAQFVAWFNYSQL,GICGAVYGRVSGQFRNSGAVITAMEVTMASMAGYLVLMFFAAQFVAWFNYSQLGLLLAVKGAAWLGAL,no_cdhit_results
4ryiA2,181,71,91,20,20.0,crystal,"PDB:4ryi, chain:A, TMD:2, Tryptophan-rich protein TspO, Guo et al. (2014)",Bacillus cereus,PGMTIGMIWAVLFGLIALSVA,MDYKDDDDKHHHHHHHHHHENLYFQSYVMFMKKSSIIVFFLTYGLFYVSSVLFPIDRTWYDALEKPSWTPPGMTIGMIWAVLFGLIALSVAIIYNNYGFKPKTFWFLFLLNYIFNQAFSYFQFSQKNLFLATVDCLLVAITTLLLIMFSSNLSKVSAWLLIPYFLWSAFATYLSWTIYSIN,gi|1267480036|ref|WP_098294919.1|,MFMKKSSIIVFLLTYGLFYVSSVLFPIDRTWYDALEKPSWTPPGMTIGMIWAVLFGLIALSVAIIYNNYGFKPKTFWFLFLLNYICNQAFSYFQFSQKNLFLATVDCLLVAITTLLLIMFSSNLSKVSAWLLIPYFLWSAFATYLSWTIYSIN,Q81BL7,https://www.rcsb.org/structure/4ryi,https://www.uniprot.org/uniprot/Q81BL7,1.0,21,4ryiA2-crystal,51.0,111.0,PSWTPPGMTIGMIWAVLFGLIALSVAIIYNN,VLFPIDRTWYDALEKPSWTPPGMTIGMIWAVLFGLIALSVAIIYNNYGFKPKTFWFLFLLN,no_cdhit_results
4wisA10,735,597,621,20,20.0,crystal,"PDB:4wis, chain:A, TMD:10,  lipid scramblase nhTMEM16 in crystal form 1, Dutzler et al. (2014)",Nectria haematococca,LKAWGLLLSILFAEHFYLVVQLAVR,MSNLKDFSQPGSGQESNFGVDFVIHYKVPAAERDEAEAGFVQLIRALTTVGLATEVRHGENESLLVFVKVASPDLFAKQVYRARLGDWLHGVRVSAPHNDIAQALQDEPVVEAERLRLIYLMITKPHNEGGAGVTPTNAKWKHVESIFPLHSHSFNKEWIKKWSSKYTLEQTDIDNIRDKFGESVAFYFAFLRSYFRFLVIPSAFGFGAWLLLGQFSYLYALLCGLWSVVFFEYWKKQEVDLAVQWGVRGVSSIQQSRPEFEWEHEAEDPITGEPVKVYPPMKRVKTQLLQIPFALACVVALGALIVTCNSLEVFINEVYSGPGKQYLGFLPTIFLVIGTPTISGVLMGAAEKLNAMENYATVDAHDAALIQKQFVLNFMTSYMALFFTAFVYIPFGHILHPFLNFWRATAQTLTFSEKELPTREFQINPARISNQMFYFTVTAQIVNFATEVVVPYIKQQAFQKAKQLKSGSKVQEDHEEEAEFLQRVREECTLEEYDVSGDYREMVMQFGYVAMFSVAWPLAACCFLVNNWVELRSDALKIAISSRRPIPWRTDSIGPWLTALSFLSWLGSITSSAIVYLCSNSKNGTQGEASPLKAWGLLLSILFAEHFYLVVQLAVRFVLSKLDSPGLQKERKERFQTKKRLLQENLGQDAAEEAAAPGIEHSEKITREALEEEARQASIRGHGTPEEMFWQRQRGMQETIEIGRRMIEQQLAAGKNGKKSAPAVPSEKAS,gi|302894295|ref|XP_003046028.1|,MSNLKDFSQPGSGQESNFGVDFVIHYKVPAAERDEAEAGFVQLIRALTTVGLATEVRHGENESLLVFVKVASPDLFAKQVYRARLGDWLHGVRVSAPHNDIAQALQDEPVVEAERLRLIYLMITKPHNEGGAGVTPTNAKWKHVESIFPLHSHSFNKEWIKKWSSKYTLEQTDIDNIRDKFGESVAFYFAFLRSYFRFLVIPSAFGFGAWLLLGQFSYLYALLCGLWSVVFFEYWKKQEVDLAVQWGVRGVSSIQQSRPEFEWEHEAEDPITGEPVKVYPPMKRVKTQLLQIPFALACVVALGALIVTCNSLEVFINEVYSGPGKQYLGFLPTIFLVIGTPTISGVLMGAAEKLNAMENYATVDAHDAALIQKQFVLNFMTSYMALFFTAFVYIPFGHILHPFLNFWRATAQTLTFSEKELPTREFQINPARISNQMFYFTVTAQIVNFATEVVVPYIKQQAFQKAKQLKSGSKVQEDHEEEAEFLQRVREECTLEEYDVSGDYREMVMQFGYVAMFSVAWPLAACCFLVNNWVELRSDALKIAISSRRPIPWRTDSIGPWLTALSFLSWLGSITSSAIVYLCSNSKNGTQGEASPLKAWGLLLSILFAEHFYLVVQLAVRFVLSKLDSPGLQKERKERFQTKKRLLQENLGQDAAEEAAAPGIEHSEKITREALEEEARQASIRGHGTPEEMFWQRQRGMQETIEIGRRMIEQQLAAGKNGKKSAPAVPSEKAS,C7Z7K1,https://www.rcsb.org/3d-view/4WIS,https://www.uniprot.org/uniprot/C7Z7K1,,25,4wisA10-crystal,577.0,641.0,GEASPLKAWGLLLSILFAEHFYLVVQLAVRFVLSK,SAIVYLCSNSKNGTQGEASPLKAWGLLLSILFAEHFYLVVQLAVRFVLSKLDSPGLQKERKERFQ,no_cdhit_results
5irzD6,636,528,554,20,20.0,crystal,"PDB:5irz, chain:D, TMD:6, Transient receptor potential cation channel subfamily V member 1, Gao et al. (2016)",Rattus norvegicus,KAVFIILLLAYVILTYILLLNMLIALM,AMGSRLYDRRSIFDAVAQSNCQELESLLPFLQRSKKRLTDSEFKDPETGKTCLLKAMLNLHNGQNDTIALLLDVARKTDSLKQFVNASYTDSYYKGQTALHIAIERRNMTLVTLLVENGADVQAAANGDFFKKTKGRPGFYFGELPLSLAACTNQLAIVKFLLQNSWQPADISARDSVGNTVLHALVEVADNTVDNTKFVTSMYNEILILGAKLHPTLKLEEITNRKGLTPLALAASSGKIGVLAYILQREIHEPECRHLSRKFTEWAYGPVHSSLYDLSCIDTCEKNSVLEVIAYSSSETPNRHDMLLVEPLNRLLQDKWDRFVKRIFYFNFFVYCLYMIIFTAAAYYRPVEGLPPYKLKNTVGDYFRVTGEILSVSGGVYFFFRGIQYFLQRRPSLKSLFVDSYSEILFFVQSLFMLVSVVLYFSQRKEYVASMVFSLAMGWTNMLYYTRGFQQMGIYAVMIEKMILRDLCRFMFVYLVFLFGFSTAVVTLIEDGKYNSLYSTCLELFKFTIGMGDLEFTENYDFKAVFIILLLAYVILTYILLLNMLIALMGETVNKIAQESKNIWKLQRAITILDTEKSFLKCMRKAFRSGKLLQVGFTPDGKDDYRWCFRVDEVNWTTWNTNVGIINEDPG,gi|625248029|ref|XP_007615297.1|,RLYDRRSIFDAVAQSNCQELESLLPFLQKSKKRLTDSEFKDPETGKTCLLKAMLNLHNGQNDTIALLLDIARQTDSLRQFVNASYTDSYYKGQTALHIAIERRNMALVTLLVENGADVQAAANGDFFKKTKGRPGFYFGELPLSLAACTNQLAIVKFLLQNSWQPADISARDSVGNTVLHALVEVADNTADNTKFVTNMYNEILILGAKLHPTLKLEELTNKKGLTPLALAASTGKIGVLAYILQREIHEPECRHLSRKFTEWAYGPVHSSLYDLSCIDTCEKNSVLEVIAYSSSETPNRHDMLLVEPLNRLLQDKWDRFVKRIFYFNFFVYCLYMIVFTTAAYYRPVEGLPPYKLRNTIGDYFRVTGEILSVLGGVYFFFRGIQYFLQRRPSLKSLFVDSYSEILFFVQSLFMLVSVILYFNQRKEYVASMVFSLAMGWTNMLYYTRGFQQMGIYAVMIEKMILRDLCRFMFVYLVFLFGFSTAVVTLIEDGKNNSVPVESTSHRWRGPACRPPDNSYNSLYSTCLELFKFTIGMGDLEFTENYDFKAVFIILLLAYVILTYILLLNMLIALMGETVNKIAQESKNIWKLQRAITILDTEKSFLKCMRKAFRSGKLLQVGFTPDGKDDYRWCFRVDEVNWTTWNTNVGIINEDPG,O35433,https://www.rcsb.org/structure/5irz,https://www.uniprot.org/uniprot/O35433,,27,5irzD6-crystal,508.0,574.0,ENYDFKAVFIILLLAYVILTYILLLNMLIALMGETVN,ELFKFTIGMGDLEFTENYDFKAVFIILLLAYVILTYILLLNMLIALMGETVNKIAQESKNIWKLQRA,no_cdhit_results
5nkqA1,128,9,27,8,20.0,crystal,"PDB:5nkq, chain:A, TMD:1, Putative fluoride ion transporter CrcB, Stockbridge et al. (2017)",Bordetella pertussis,FIAIGIGATLGAWLRWVLG,MLTYAPLNFIAIGIGATLGAWLRWVLGLKLNGAGWPWGTLTANLVGGYLIGVMVALIASHPEWPAWIRLAAVTGFLGGLTTFSTFSAETVDMLCRGVYATAAAYAGASLAGSLAMTGLGLATVRLLLR,gi|949819310|ref|WP_057110569.1|,MLTYAPLNFIAIGIGATLGAWLRWVLGLRLNGAGWPWGTLTANLVGGYLIGVMVALIASHPEWPAWIRLAAVTGFLGGLTTFSTFSAETVDMLERGVYATAAAYAGASLAGS,Q7VYU0,https://www.rcsb.org/3d-view/5NKQ,https://www.uniprot.org/uniprot/Q7VYU0,1.0,19,5nkqA1-crystal,1.0,47.0,YAPLNFIAIGIGATLGAWLRWVLGLKLNG,MLTYAPLNFIAIGIGATLGAWLRWVLGLKLNGAGWPWGTLTANLVGG,no_cdhit_results
5nkqA3,128,70,90,20,20.0,crystal,"PDB:5nkq, chain:A, TMD:3, Putative fluoride ion transporter CrcB, Stockbridge et al. (2017)",Bordetella pertussis,AAVTGFLGGLTTFSTFSAETV,MLTYAPLNFIAIGIGATLGAWLRWVLGLKLNGAGWPWGTLTANLVGGYLIGVMVALIASHPEWPAWIRLAAVTGFLGGLTTFSTFSAETVDMLCRGVYATAAAYAGASLAGSLAMTGLGLATVRLLLR,gi|949819310|ref|WP_057110569.1|,MLTYAPLNFIAIGIGATLGAWLRWVLGLRLNGAGWPWGTLTANLVGGYLIGVMVALIASHPEWPAWIRLAAVTGFLGGLTTFSTFSAETVDMLERGVYATAAAYAGASLAGS,Q7VYU1,https://www.rcsb.org/3d-view/5NKQ,https://www.uniprot.org/uniprot/Q7VYU1,,21,5nkqA3-crystal,50.0,110.0,AWIRLAAVTGFLGGLTTFSTFSAETVDMLCR,IGVMVALIASHPEWPAWIRLAAVTGFLGGLTTFSTFSAETVDMLCRGVYATAAAYAGASLA,no_cdhit_results
5t4dA6,510,462,489,20,20.0,crystal,"PDB:5t4d, chain:A, TMD:6, Cryo-EM structure of Polycystic Kidney Disease protein 2 (PKD2), Shen et al. (2016)",Homo sapiens,RVLGPIYFTTFVFFMFFILLNMFLAIIN,GAMGSRGLWGTRLMEESSTNREKYLKSVLRELVTYLLFLIVLCILTYGMMSSNVYYYTRMMSQLFLDTPVSKTEKTNFKTLSSMEDFWKFTEGSLLDGLYWKMQPSNQTEADNRSFIFYENLLLGVPRIRQLRVRNGSCSIPQDLRDEIKECYDVYSVSSEDRAPFGPRNGTAWIYTSEKDLNGSSHWGIIATYSGAGYYLDLSRTREETAAQVASLKKNVWLDRGTRATFIDFSVYNANINLFCVVRLLVEFPATGGVIPSWQFQPLKLIRYVTTFDFFLAACEIIFCFFIFYYVVEEILEIRIHKLHYFRSFWNCLDVVIVVLSVVAIGINIYRTSNVEVLLQFLEDQNTFPNFEHLAYWQIQFNNIAAVTVFFVWIKLFKFINFNRTMSQLSTTMSRCAKDLFGFAIMFFIIFLAYAQLAYLVFGTQVDDFSTFQECIFTQFRIILGDINFAEIEEANRVLGPIYFTTFVFFMFFILLNMFLAIINDTYSEVKSDLAQQKAEMELSD,gi|402869921|ref|XP_003898992.1|,GLRGLWGTRLMEESSTNREKYLKSVLRELVTYLLFLIVLCILTYGMMSSNVYYYTRMMSQLFLDTPVSKTEKTNFKTLSSMEDFWKFTEGSLLDGLYWKMQPSNQTEADNRSFIFYENLLLGVPRIRQLRVRNGSCSIPQDLRDEIKECYDVYSVSSEDRAPFGPRNGTAWIYTSEKDLNGSSHWGIIATYSGAGYYLDLSRTREETAAQVASLKKNVWLDRGTRATFIDFSVYNANINLFCVVRLLVEFPATGGVIPSWQFQPLKLIRYVTTFDFFLAACEIIFCFFILYYVVEEILEIRIHKLHYFRSFWNCLDVVIVVLSVVAIGISIYRTSNVEVLLQFLEDQNTFPNFEHLAYWQIQFNNIAAVTVFFVWIKLFKFINFNRTMSQLSTTMSRCAKDLFGFAIMFFIIFLAYAQLAYLVFGTQVDDFSTFQECIFTQFRIILGDINFAEIEEANRVLGPIYFTTFVFFMFFILLNMFLAIINDTYSEVKSDLAQQKAEMELSD,Q13563,https://www.rcsb.org/3d-view/5T4D,https://www.uniprot.org/uniprot/Q13563,,28,5t4dA6-crystal,442.0,509.0,IEEANRVLGPIYFTTFVFFMFFILLNMFLAIINDTYSE,FTQFRIILGDINFAEIEEANRVLGPIYFTTFVFFMFFILLNMFLAIINDTYSEVKSDLAQQKAEMELS,no_cdhit_results
5u6oA6,660,374,397,20,20.0,crystal,"PDB:5u6o, chain:A, TMD:6, human HCN1 hyperpolarization-activated cyclic nucleotide-gated ion channel, Lee et al. (2016)",Homo sapiens,ITMLSMIVGATCYAMFVGHATALI,MEGGGKPNSSSNSRDDGNSVFPAKASATGAGPAAAEKRLGTPPGGGGAGAKEHGNSVCFKVDGGGGGGGGGGGGEEPAGGFEDAEGPRRQYGFMQRQFTSMLQPGVNKFSLRMFGSQKAVEKEQERVKTAGFWIIHPYSDFRFYWDLIMLIMMVGNLVIIPVGITFFTEQTTTPWIIFNVASDTVFLLDLIMNFRTGTVNEDSSEIILDPKVIKMNYLKSWFVVDFISSIPVDYIFLIVEKGMDSEVYKTARALRIVRFTKILSLLRLLRLSRLIRYIHQWEEIFHMTYDLASAVVRIFNLIGMMLLLCHWDGCLQFLVPLLQDFPPDCWVSLNEMVNDSWGKQYSYALFKAMSHMLCIGYGAQAPVSMSDLWITMLSMIVGATCYAMFVGHATALIQSLDSSRRQYQEKYKQVEQYMSFHKLPADMRQKIHDYYEHRYQGKIFDEENILNELNDPLREEIVNFNCRKLVATMPLFANADPNFVTAMLSKLRFEVFQPGDYIIREGAVGKKMYFIQHGVAGVITKSSKEMKLTDGSYFGEICLLTKGRRTASVRADTYCRLYSLSVDNFNEVLEEYPMMRRAFETVAIDRLDRIGKKNSILLQKFQKDLNTGVFNNQENEILKQIVKHDREMVQAALPRESSSVLNTDPDAEKPRFASNL,gi|724899269|ref|XP_010376971.1|,MEVGGKPNSSSNSRDDGNSVFPAKASATGAGPAAAEKRLGTPPGGGGAGTKEHGNSVCFKVDGGGGGGG-----EEPAGGFEDAEGPRRQYGFMQRQFTSMLQPGVNKFSLRMFGSQKAVEKEQERVKTAGFWIIHPYSDFRFYWDLIMLIMMVGNLVIIPVGITFFTEQTTTPWIIFNVASDTVFLLDLIMNFRTGTVNEDSSEIILDPKVIKMNYLKSWFVVDFISSIPVDYIFLIVEKGMDSEVYKTARALRIVRFTKILSLLRLLRLSRLIRYIHQWEEIFHMTYDLASAVVRIFNLIGMMLLLCHWDGCLQFLVPLLQDFPPDCWVSLNEMVNDSWGKQYSYALFKAMSHMLCIGYGAQAPVSMSDLWITMLSMIVGATCYAMFVGHATALIQSLDSSRRQYQEKYKQVEQYMSFHKLPADMRQKIHDYYEHRYQGKIFDEENILNELNDPLREEIVNFNCRKLVATMPLFANADPNFVTAMLSKLRFEVFQPGDYIIREGAVGKKMYFIQHGVAGVITKSSKEMKLTDGSYFGEICLLTKGRRTASVRADTYCRLYSLSVDNFNEVLEEYPMMRRAFETVAIDRLDRIGKKNSILLQKFQKDLNTGVFNNQENEILKQIVKHDREMVQAIAP,O60741,https://www.rcsb.org/structure/5u6o,https://www.uniprot.org/uniprot/O60741,,24,5u6oA6-crystal,354.0,417.0,MSDLWITMLSMIVGATCYAMFVGHATALIQSLDS,SHMLCIGYGAQAPVSMSDLWITMLSMIVGATCYAMFVGHATALIQSLDSSRRQYQEKYKQVEQY,no_cdhit_results
5uldA9,445,294,315,20,20.0,crystal,"PDB:5uld, chain:A, TMD:9, divalent anion/Na+ symporter from Vibrio cholerae and a humanized variant, Lu et al. (2017)",Vibrio cholerae serotype O1 ,WKEIQKTADWGILLLFGGGLCL,LHRNSLIVLADVALFLALYHFLPFEHNVVLGISMLAFIAVLWLTEALHVTVTAILVPVMAVFFGIFETQAALNNFANSIIFLFLGGFALAAAMHHQGLDKVIADKVLAMAQGKMSVAVFMLFGVTALLSMWISNTATAAMMLPLVLGVLSKVDADKQRSTYVFVLLGVAYSASIGGIATLVGTGPNAIAAAEVGLSFTDWMKFGLPTAMMMLPMAIAILYFLLKPTLNGMFELDRAPVNWDKGKVVTLGIFGLTVFLWIFSSPINAALGGFKSFDTLVALGAILMLSFARVVHWKEIQKTADWGILLLFGGGLCLSNVLKQTGTSVFLANALSDMVSHMGIFVVILVVATFVVFLTEFTSNVATTTLLIPVFATVAEAFGMSPVLLSVLIAVAASCAFMLPVATPPNAIVFASGHIKQSEMMRVGLYLNIACIGLLTAIAMLFWQ,gi|1193829529|pdb|5ULD|A,LHRNSLIVLADVALFLALYHFLPFEHNVVLGISMLAFIAVLWLTEALHVTVTAILVPVMAVFFGIFETQAALNNFANSIIFLFLGGFALAAAMHHQGLDKVIADKVLAMAQGKMSVAVFMLFGVTALLSMWISNTATAAMMLPLVLGVLSKVDADKQRSTYVFVLLGVAYSASIGGIATLVGTGPNAIAAAEVGLSFTDWMKFGLPTAMMMLPMAIAILYFLLKPTLNGMFELDRAPVNWDKGKVVTLGIFGLTVFLWIFSSPINAALGGFKSFDTLVALGAILMLSFARVVHWKEIQKTADWGILLLFGGGLCLSNVLKQTGTSVFLANALSDMVSHMGIFVVILVVATFVVFLTEFTSNVATTTLLIPVFATVAEAFGMSPVLLSVLIAVAASCAFMLPVATPPNAIVFASGHIKQSEMMRVGLYLNIACIGLLTAIAMLFWQ,Q9KNE0,https://www.rcsb.org/3d-view/5ULD,https://www.uniprot.org/uniprot/Q9KNE0,,22,5uldA9-crystal,274.0,335.0,ARVVHWKEIQKTADWGILLLFGGGLCLSNVLK,FDTLVALGAILMLSFARVVHWKEIQKTADWGILLLFGGGLCLSNVLKQTGTSVFLANALSDM,no_cdhit_results
